LINE_ALBUM_my_cat_230309_5.jpg,1
LINE_ALBUM_my_cat_230309_13.jpg,1
LINE_ALBUM_my_cat_230309_6.jpg,1
LINE_ALBUM_my_cat_230309_48.jpg,1
LINE_ALBUM_my_cat_230309_95.jpg,1
LINE_ALBUM_my_cat_230309_84.jpg,1
LINE_ALBUM_my_cat_230309_73.jpg,1
LINE_ALBUM_my_cat_230309_103.jpg,1
LINE_ALBUM_my_cat_230309_63.jpg,1
LINE_ALBUM_my_cat_230309_104.jpg,1
LINE_ALBUM_my_cat_230309_113.jpg,1
LINE_ALBUM_my_cat_230309_24.jpg,1
LINE_ALBUM_my_cat_230309_114.jpg,1
LINE_ALBUM_my_cat_230309_90.jpg,1
LINE_ALBUM_my_cat_230309_15.jpg,1
LINE_ALBUM_my_cat_230309_1.jpg,1
LINE_ALBUM_my_cat_230309_9.jpg,1
LINE_ALBUM_my_cat_230309_93.jpg,1
LINE_ALBUM_my_cat_230309_85.jpg,1
LINE_ALBUM_my_cat_230309_91.jpg,1
LINE_ALBUM_my_cat_230309_89.jpg,1
LINE_ALBUM_my_cat_230309_87.jpg,1
LINE_ALBUM_my_cat_230309_117.jpg,1
LINE_ALBUM_my_cat_230309_2.jpg,1
LINE_ALBUM_my_cat_230309_70.jpg,1
LINE_ALBUM_my_cat_230309_101.jpg,1
LINE_ALBUM_my_cat_230309_109.jpg,1
LINE_ALBUM_my_cat_230309_51.jpg,1
LINE_ALBUM_my_cat_230309_92.jpg,1
LINE_ALBUM_my_cat_230309_72.jpg,1
LINE_ALBUM_my_cat_230309_19.jpg,1
LINE_ALBUM_my_cat_230309_41.jpg,1
LINE_ALBUM_my_cat_230309_12.jpg,1
LINE_ALBUM_my_cat_230309_25.jpg,1
LINE_ALBUM_my_cat_230309_10.jpg,1
LINE_ALBUM_my_cat_230309_7.jpg,1
LINE_ALBUM_my_cat_230309_35.jpg,1
LINE_ALBUM_my_cat_230309_110.jpg,1
LINE_ALBUM_my_cat_230309_33.jpg,1
LINE_ALBUM_my_cat_230309_105.jpg,1
LINE_ALBUM_my_cat_230309_118.jpg,1
LINE_ALBUM_my_cat_230309_60.jpg,1
LINE_ALBUM_my_cat_230309_65.jpg,1
LINE_ALBUM_my_cat_230309_75.jpg,1
LINE_ALBUM_my_cat_230309_82.jpg,1
LINE_ALBUM_my_cat_230309_76.jpg,1
LINE_ALBUM_my_cat_230309_88.jpg,1
LINE_ALBUM_my_cat_230309_69.jpg,1
LINE_ALBUM_my_cat_230309_21.jpg,1
LINE_ALBUM_my_cat_230309_23.jpg,1
LINE_ALBUM_my_cat_230309_86.jpg,1
LINE_ALBUM_my_cat_230309_11.jpg,1
LINE_ALBUM_my_cat_230309_112.jpg,1
LINE_ALBUM_my_cat_230309_71.jpg,1
LINE_ALBUM_my_cat_230309_45.jpg,1
LINE_ALBUM_my_cat_230309_74.jpg,1
LINE_ALBUM_my_cat_230309_4.jpg,1
LINE_ALBUM_my_cat_230309_49.jpg,1
LINE_ALBUM_my_cat_230309_56.jpg,1
LINE_ALBUM_my_cat_230309_44.jpg,1
LINE_ALBUM_my_cat_230309_68.jpg,1
LINE_ALBUM_my_cat_230309_32.jpg,1
LINE_ALBUM_my_cat_230309_81.jpg,1
LINE_ALBUM_my_cat_230309_66.jpg,1
LINE_ALBUM_my_cat_230309_67.jpg,1
LINE_ALBUM_my_cat_230309_121.jpg,1
LINE_ALBUM_my_cat_230309_34.jpg,1
LINE_ALBUM_my_cat_230309_47.jpg,1
LINE_ALBUM_my_cat_230309_64.jpg,1
LINE_ALBUM_my_cat_230309_77.jpg,1
LINE_ALBUM_my_cat_230309_119.jpg,1
LINE_ALBUM_my_cat_230309_54.jpg,1
LINE_ALBUM_my_cat_230309_40.jpg,1
LINE_ALBUM_my_cat_230309_14.jpg,1
LINE_ALBUM_my_cat_230309_115.jpg,1
LINE_ALBUM_my_cat_230309_18.jpg,1
LINE_ALBUM_my_cat_230309_97.jpg,1
LINE_ALBUM_my_cat_230309_28.jpg,1
LINE_ALBUM_my_cat_230309_107.jpg,1
LINE_ALBUM_my_cat_230309_108.jpg,1
LINE_ALBUM_my_cat_230309_27.jpg,1
LINE_ALBUM_my_cat_230309_52.jpg,1
LINE_ALBUM_my_cat_230309_29.jpg,1
LINE_ALBUM_my_cat_230309_30.jpg,1
LINE_ALBUM_not_my_cat_230309_144.jpg,0
LINE_ALBUM_not_my_cat_230309_87.jpg,0
LINE_ALBUM_not_my_cat_230309_58.jpg,0
LINE_ALBUM_not_my_cat_230309_137.jpg,0
LINE_ALBUM_not_my_cat_230309_24.jpg,0
LINE_ALBUM_not_my_cat_230309_56.jpg,0
LINE_ALBUM_not_my_cat_230309_66.jpg,0
LINE_ALBUM_not_my_cat_230309_49.jpg,0
LINE_ALBUM_not_my_cat_230309_110.jpg,0
LINE_ALBUM_not_my_cat_230309_45.jpg,0
LINE_ALBUM_not_my_cat_230309_21.jpg,0
LINE_ALBUM_not_my_cat_230309_40.jpg,0
LINE_ALBUM_not_my_cat_230309_20.jpg,0
LINE_ALBUM_not_my_cat_230309_59.jpg,0
LINE_ALBUM_not_my_cat_230309_37.jpg,0
LINE_ALBUM_not_my_cat_230309_83.jpg,0
LINE_ALBUM_not_my_cat_230309_46.jpg,0
LINE_ALBUM_not_my_cat_230309_76.jpg,0
LINE_ALBUM_not_my_cat_230309_69.jpg,0
LINE_ALBUM_not_my_cat_230309_107.jpg,0
LINE_ALBUM_not_my_cat_230309_35.jpg,0
LINE_ALBUM_not_my_cat_230309_90.jpg,0
LINE_ALBUM_not_my_cat_230309_141.jpg,0
LINE_ALBUM_not_my_cat_230309_140.jpg,0
LINE_ALBUM_not_my_cat_230309_41.jpg,0
LINE_ALBUM_not_my_cat_230309_26.jpg,0
LINE_ALBUM_not_my_cat_230309_10.jpg,0
LINE_ALBUM_not_my_cat_230309_67.jpg,0
LINE_ALBUM_not_my_cat_230309_31.jpg,0
LINE_ALBUM_not_my_cat_230309_44.jpg,0
LINE_ALBUM_not_my_cat_230309_15.jpg,0
LINE_ALBUM_not_my_cat_230309_50.jpg,0
LINE_ALBUM_not_my_cat_230309_28.jpg,0
LINE_ALBUM_not_my_cat_230309_32.jpg,0
LINE_ALBUM_not_my_cat_230309_142.jpg,0
LINE_ALBUM_not_my_cat_230309_114.jpg,0
LINE_ALBUM_not_my_cat_230309_17.jpg,0
LINE_ALBUM_not_my_cat_230309_118.jpg,0
LINE_ALBUM_not_my_cat_230309_132.jpg,0
LINE_ALBUM_not_my_cat_230309_81.jpg,0
LINE_ALBUM_not_my_cat_230309_91.jpg,0
LINE_ALBUM_not_my_cat_230309_122.jpg,0
LINE_ALBUM_not_my_cat_230309_103.jpg,0
LINE_ALBUM_not_my_cat_230309_77.jpg,0
LINE_ALBUM_not_my_cat_230309_18.jpg,0
LINE_ALBUM_not_my_cat_230309_131.jpg,0
LINE_ALBUM_not_my_cat_230309_3.jpg,0
LINE_ALBUM_not_my_cat_230309_27.jpg,0
LINE_ALBUM_not_my_cat_230309_9.jpg,0
LINE_ALBUM_not_my_cat_230309_39.jpg,0
LINE_ALBUM_not_my_cat_230309_36.jpg,0
LINE_ALBUM_not_my_cat_230309_84.jpg,0
LINE_ALBUM_not_my_cat_230309_133.jpg,0
LINE_ALBUM_not_my_cat_230309_92.jpg,0
LINE_ALBUM_not_my_cat_230309_125.jpg,0
LINE_ALBUM_not_my_cat_230309_25.jpg,0
LINE_ALBUM_not_my_cat_230309_30.jpg,0
LINE_ALBUM_not_my_cat_230309_113.jpg,0
LINE_ALBUM_not_my_cat_230309_42.jpg,0
LINE_ALBUM_not_my_cat_230309_6.jpg,0
LINE_ALBUM_not_my_cat_230309_136.jpg,0
LINE_ALBUM_not_my_cat_230309_138.jpg,0
LINE_ALBUM_not_my_cat_230309_62.jpg,0
LINE_ALBUM_not_my_cat_230309_134.jpg,0
LINE_ALBUM_not_my_cat_230309_127.jpg,0
LINE_ALBUM_not_my_cat_230309_1.jpg,0
LINE_ALBUM_not_my_cat_230309_108.jpg,0
LINE_ALBUM_not_my_cat_230309_16.jpg,0
LINE_ALBUM_not_my_cat_230309_88.jpg,0
LINE_ALBUM_not_my_cat_230309_19.jpg,0
LINE_ALBUM_not_my_cat_230309_93.jpg,0
LINE_ALBUM_not_my_cat_230309_55.jpg,0
LINE_ALBUM_not_my_cat_230309_79.jpg,0
LINE_ALBUM_not_my_cat_230309_8.jpg,0
LINE_ALBUM_not_my_cat_230309_123.jpg,0
LINE_ALBUM_not_my_cat_230309_75.jpg,0
LINE_ALBUM_not_my_cat_230309_109.jpg,0
LINE_ALBUM_not_my_cat_230309_102.jpg,0
LINE_ALBUM_not_my_cat_230309_72.jpg,0
LINE_ALBUM_not_my_cat_230309_86.jpg,0
LINE_ALBUM_not_my_cat_230309_14.jpg,0
LINE_ALBUM_not_my_cat_230309_124.jpg,0
LINE_ALBUM_not_my_cat_230309_85.jpg,0
LINE_ALBUM_not_my_cat_230309_96.jpg,0
LINE_ALBUM_not_my_cat_230309_97.jpg,0
LINE_ALBUM_not_my_cat_230309_80.jpg,0
LINE_ALBUM_not_my_cat_230309_130.jpg,0
LINE_ALBUM_not_my_cat_230309_145.jpg,0
LINE_ALBUM_not_my_cat_230309_143.jpg,0
LINE_ALBUM_not_my_cat_230309_116.jpg,0
LINE_ALBUM_not_my_cat_230309_34.jpg,0
LINE_ALBUM_not_my_cat_230309_63.jpg,0
LINE_ALBUM_not_my_cat_230309_100.jpg,0
LINE_ALBUM_not_my_cat_230309_115.jpg,0
LINE_ALBUM_not_my_cat_230309_99.jpg,0
LINE_ALBUM_not_my_cat_230309_53.jpg,0
LINE_ALBUM_not_my_cat_230309_117.jpg,0
LINE_ALBUM_not_my_cat_230309_43.jpg,0
LINE_ALBUM_not_my_cat_230309_128.jpg,0
LINE_ALBUM_not_my_cat_230309_61.jpg,0
LINE_ALBUM_not_my_cat_230309_135.jpg,0
LINE_ALBUM_not_my_cat_230309_54.jpg,0
